{
  "port_component_overrides": {
    "port_2": {
      "model_1": {
        "position": [
          0.05,
          1.3877787807814457e-17,
          0.1
        ],
        "rotation": [
          0,
          120,
          0
        ]
      },
      "model_2": {
        "position": [
          0.49999999999999994,
          0,
          -0.3
        ],
        "rotation": [
          0,
          -120,
          0
        ]
      },
      "model_3": {
        "position": [
          0.15000000000000002,
          0,
          0.1
        ],
        "rotation": [
          0,
          0,
          0
        ]
      },
      "model_4": {
        "position": [
          0.2,
          0.1,
          1
        ],
        "rotation": [
          0,
          115,
          0
        ]
      }
    },
    "port_3": {
      "model_1": {
        "position": [
          0.05,
          0,
          0.3
        ],
        "rotation": [
          0,
          -120,
          0
        ]
      },
      "model_2": {
        "position": [
          0.44999999999999996,
          0,
          -0.15000000000000002
        ],
        "rotation": [
          0,
          120,
          0
        ]
      },
      "model_3": {
        "position": [
          0.15000000000000002,
          0,
          0.25
        ],
        "rotation": [
          0,
          0,
          0
        ]
      },
      "model_4": {
        "position": [
          0.2,
          0,
          1.1
        ],
        "rotation": [
          0,
          -110,
          0
        ]
      }
    },
    "port_4": {
      "model_1": {
        "position": [
          -0.1,
          0,
          0.3
        ],
        "rotation": [
          0,
          0,
          0
        ]
      },
      "model_2": {
        "position": [
          0.3,
          0,
          -0.10000000000000002
        ],
        "rotation": [
          0,
          0,
          0
        ]
      },
      "model_3": {
        "position": [
          -0.05000000000000002,
          0,
          0.3
        ],
        "rotation": [
          0,
          0,
          0
        ]
      },
      "model_4": {
        "position": [
          -0.05,
          0,
          1.1500000000000001
        ],
        "rotation": [
          0,
          0,
          0
        ]
      }
    },
    "port_hdmi": {
      "model_2": {
        "position": [
          0.15000000000000008,
          0,
          -0.39999999999999997
        ],
        "rotation": [
          0,
          120,
          0
        ]
      }
    },
    "port_7": {
      "model_1": {
        "position": [
          0,
          -0.05,
          0.05
        ],
        "rotation": [
          0,
          0,
          0
        ]
      },
      "model_2": {
        "position": [
          0,
          0.10000000000000007,
          -0.35
        ],
        "rotation": [
          0,
          0,
          90
        ]
      },
      "model_3": {
        "position": [
          0,
          -0.15000000000000002,
          0.1
        ],
        "rotation": [
          0,
          0,
          0
        ]
      },
      "model_4": {
        "position": [
          0,
          -0.15000000000000002,
          0.9
        ],
        "rotation": [
          0,
          0,
          0
        ]
      }
    },
    "port_1": {
      "model_2": {
        "position": [
          0.35,
          0,
          -0.45
        ],
        "rotation": [
          0,
          0,
          0
        ]
      },
      "model_4": {
        "position": [
          0,
          0,
          0.8
        ],
        "rotation": [
          0,
          0,
          0
        ]
      }
    }
  }
}
